card_id,score,notes
1,0,"Saga senza capitoli o effetti. Ingiocabile."
245,1,"Testo confuso con virgolette errate e riferimenti a carte inesistenti ('The Treasure Hunt')."
246,1,"Tipo 'Fortification' raro, crea un token 0/0 (inutile), testo sintatticamente rotto."
247,2,"Regole confuse (Crew su creatura), trigger strani ('every opponent's upkeep'). Poco tematico per Gran Torino."
248,0,"Riferimento storico (Alexander the Great) non MHA. Nessun testo di regole."
249,4,"Tematicamente interessante per Toga (copia/esilia), ma il testo è scritto male ('donTaperIt!')."
250,0,"Nessun testo delle regole."
251,0,"Nessun testo delle regole."
252,2,"Testo 'player-or-elves player duo' insensato. Non riflette l'Erasure cloth di Aizawa."
253,1,"Uraraka dovrebbe far volare le cose, qui esilia mani e fa scry. Testo Equipment su creatura."
789,1,"Testo confuso ('The Storyteller's Playbook'). Kendo ha mani giganti, qui crea pedine."
790,0,"Nessun testo delle regole."
791,2,"Tematicamente Jiro (suono) non c'entra con equipaggiamenti/Wurm. Testo molto confuso."
792,3,"Mr. Compress che crea Treasure (biglie) è un buon flavor, ma il resto del testo è caotico."
793,1,"Tetsutetsu (acciaio) non ha abilità difensive qui. Testo 'Plot Twist' non esiste in MTG."
794,1,"Equipaggiamento con 'Crew 4'? Riferimenti a carte non esistenti ('Bringer of Yavimaya')."
795,1,"Deku's Notebook dovrebbe analizzare, non avere Hexproof se controlli terre. Testo rotto."
796,2,"Land con 'Poison counters'. USJ dovrebbe essere varia, ma il testo è debole."
797,1,"Seiji (Meatball) non riflette il quirk. Testo 'Lesson 0' e regole confuse."
798,2,"Abilità difensiva vaga. Tetsutetsu dovrebbe essere indistruttibile o artefatto."
799,1,"Riferimento a Niv-Citrix (MTG lore) fuori contesto. Testo rotto."
800,2,"Chronostasis ferma il tempo. Menziona 'time counters' (buono), ma il testo è illeggibile."
801,3,"Land che fa danno quando entra una creatura. Semplice e funzionante."
802,1,"Land con 'Plainswalk' e rigenerazione. Costo di mana nel testo assurdo."
803,1,"Mana vincolato a non-creature. Abilità strana per una location."
804,1,"Honoka Todoroki? Personaggio dubbio. Testo Equipaggiamento confuso."
805,0,"Riferimento a Ichabod Crane. Testo 'Bears' e 'Wolves'. Incoerente."
806,0,"Kha'Zix è un personaggio di League of Legends, non MHA."
807,1,"Professor Gage? Riferimenti a 'Treasure Island'. Allucinazione."
808,1,"Riferimenti a 'Rakdos Ascendancy'. Testo troppo lungo e confuso."
809,1,"Crea token Spirit. Non molto tematico per l'accademia."
810,2,"Land che produce mana solo per artefatti. Ok, ma semplice."
811,2,"Land che interagisce col cimitero. Accettabile."
812,1,"Alchemist? Seiji non è un alchimista. Testo flavor text check non esiste."
813,0,"Riferimento a Tarkir (MTG Lore)."
814,0,"Nome 'The Second World War' per Aoyama? Assolutamente no."
815,3,"Hagakure (Invisibile). Abilità che da 'menace' (difficile da bloccare) è tematica. Testo sporco."
816,0,"Titania è un personaggio di MTG, non MHA (tranne Pixie-Bob, ma il nome è errato)."
817,4,"League Hideout. Crea un 'Sulfuric Cloud'. Tematicamente ci sta come covo dei villain."
818,1,"Butcher of Bogorai? Zombi? Non c'entra con Mr. Compress."
1219,1,"Texas Smash dovrebbe fare danni, non neutralizzare magie. Flavor fail."
1220,0,"Nessun testo delle regole."
1221,2,"Forest Training Camp. Menziona 'Raid'. Vagamente sensato come landa."
1222,3,"Nomu Zombie Mutant. Nome 'Eliminated Cadaver' molto adatto a un Nomu."
1223,0,"Nessun testo delle regole."
1224,0,"All Might non è un 'Flux Capacitor' (Ritorno al futuro)."
1225,1,"'Cute Backgrounds'? Testo Forestcycling confuso."
1226,1,"Hero Costume come Equipment. Testo confuso che menziona Phyrexian Wizard."
1227,6,"Manual (Hero dell'acqua/pompieri) ha 'Protection from red'. Ottimo flavor accidentale."
1228,1,"Kota Izumi non è Timotheus. Abilità di scartare carte non tematica."
1229,0,"Riferimento a 'Baron Zuko' (Avatar). Incoerente."
1230,1,"Rikido Sato dovrebbe potenziarsi mangiando (Food), qui è confuso."
1231,1,"All Might non è un 'Vampire Vial'. Flavor fail totale."
1232,1,"Testo illeggibile e regole non sense per un artefatto."
1233,1,"Nome buffo 'Thingy's Duster'. Equipaggiamento senza effetto chiaro."
1234,2,"Pony Tsunotori (corna) qui ha Prowess e Enlist. Meccanicamente giocabile, flavor scarso."
1235,1,"Riferimenti a carte inesistenti e token 'Hero' incolori."
1236,3,"Zombie generico per Johnny (Nomu). Meccanicamente accettabile."
1237,3,"Altro Zombie funzionale. Adatto a un Nomu generico."
1238,2,"Nomu che interagisce con artefatti. Un po' strano ma il tipo Zombie Mutant è corretto."
1239,0,"Riferimento a Cid (Final Fantasy). Incoerente."
1240,4,"Land funzionale per Forest Training Camp. Produce mana nero/verde."
1241,3,"Zombie Mutant con meccaniche di segnalini +1/+0. Accettabile."
1242,3,"Zombie semplice che sacrifica per fare danni. Adatto ai villain."
1243,1,"Ojiro (Coda) non ha nulla a che fare con 'Emporium Agent'."
1244,5,"Forest Training Camp che diventa creatura (Man-land). Molto adatto a una foresta vivente/pericolosa."
1245,2,"Nomu con Morph. Meccanica strana per MHA ma funzionale."
1246,2,"Nomu con Escape. Meccanicamente complesso ma 'ritorna dalla morte' è adatto ai Nomu."
1247,3,"Landa funzionale con Cycling."
1248,1,"Manual non è un Leonin (uomo leone). Errore di tipo creatura."
1249,1,"Ojiro che da mana? Poco tematico."
1250,1,"Pony Tsunotori con abilità legate a loyalty e planeswalker. Confuso."
1251,3,"Nomu 'Spiders'. Evoke è una meccanica interessante per mostri evocati."
1252,3,"All Might Card 'Moment of Truth'. Pescare quando si viene attaccati è eroico."
1253,1,"Kinoko (Funghi) crea Ratti? Dovrebbe creare Saprolingi."
1254,1,"Bubble Girl crea Draghi? Incoerente."
1255,2,"Nomu 'Scarab Rat'. Infettare (Infected) è tematico per i villain tossici."
1256,0,"Nessun testo delle regole."
1257,1,"Hound Dog. Partner con 'The Last Man'? Testo confuso."
1258,1,"Rikido Sato 'Great Sage'. Ward e Morph non riflettono la forza bruta."
1259,2,"Pony Tsunotori 'Great Teacher'. Crea emblemi (raro per non-planeswalker)."
1260,2,"Manual 'Protector'. Protezione è tematica, ma il testo è 'word salad'."
1261,2,"Ojiro 'Tempting Whisper'. Sacrifica terre? Poco eroico."
1262,2,"Zombie Mutant 'Trenching'. Crea ratti. Generico villain."
1263,2,"Zombie Mutant 'Unending'. Riduzione costo per cimitero. Ok per un mostro."
1264,2,"Nomu 'Vulturous'. Volare ha senso per i Nomu alati."
1265,2,"Manual 'Dreamcatcher'. Pesca su istantanei. Ok per un eroe di supporto."
1266,2,"Giran 'Fiery Apprentice'. Prowess e pesca quando muoiono creature. Adatto a un broker."
1267,2,"Ojiro 'First Hero'. Trasforma leggende in artefatti? Strano."
1268,0,"Riferimento a 'Faerûn' (D&D). Lore sbagliata."
1269,2,"Giran 'Last Guardian'. Interazione con istantanei/stregonerie."
1270,1,"Ojiro 'Masked One'. Equipaggia planeswalker? Regole rotte."
1271,2,"Rikido Sato. 'Conjure' è una meccanica digitale (Arena). Poco pratico."
1272,1,"Giran 'Secretariat'. Crea Assassin Warrior. Vagamente tematico."
1273,1,"Rikido Sato 'The Wretched'. Landfall? Sato non è legato alla terra."
1274,1,"Riferimento a 'Nantuko' (Insetti di Magic). Incoerente."
1275,3,"Rikido Sato 'World's Strongest'. Crea bestie. La forza bruta ci sta."
1276,0,"Nessun testo delle regole."
1277,0,"Riferimento a 'Luffy' (One Piece). Allucinazione."
1278,2,"Giran 'Human Apprentice'. Trample e buff. Ok per un villain di supporto."